Name,Collection,Rarity,Float,PriceCents,StatTrak
SCAR-20 | Powercore,#CSGO_set_gamma_2,restricted,0.540015431028,,false
Glock-18 | Weasel,#CSGO_set_gamma_2,restricted,0.482572281411,,false
Desert Eagle | Directive,#CSGO_set_gamma_2,restricted,0.629528101672,,false
SCAR-20 | Powercore,#CSGO_set_gamma_2,restricted,0.544210604333,,false
SCAR-20 | Powercore,#CSGO_set_gamma_2,restricted,0.442443654183,,false
MAG-7 | Petroglyph,#CSGO_set_gamma_2,restricted,0.308123380167,,false
Glock-18 | Weasel,#CSGO_set_gamma_2,restricted,0.729711768820,,false
MAG-7 | Petroglyph,#CSGO_set_gamma_2,restricted,0.332865284796,,false
Glock-18 | Weasel,#CSGO_set_gamma_2,restricted,0.610946524935,,false
Glock-18 | Weasel,#CSGO_set_gamma_2,restricted,0.688697724969,,false
