Name,Collection,Rarity,Float,PriceCents,StatTrak
P250 | Franklin,The Bank Collection,classified,0.182726222695,,false
P250 | Franklin,The Bank Collection,classified,0.240564167021,,false
P250 | Franklin,The Bank Collection,classified,0.288410158802,,false
P250 | Franklin,The Bank Collection,classified,0.354065097619,,false
P250 | Franklin,The Bank Collection,classified,0.247548659776,,false
P250 | Franklin,The Bank Collection,classified,0.149127114822,,false
P250 | Franklin,The Bank Collection,classified,0.287324030487,,false
P250 | Franklin,The Bank Collection,classified,0.038639643375,,false
P250 | Franklin,The Bank Collection,classified,0.243424504780,,false
MAC-10 | Propaganda,The 2021 Train Collection,classified,0.526533285064,,false
