Name,Collection,Rarity,Float,PriceCents,StatTrak
P250 | Franklin,The Bank Collection,classified,0.236826883225,,false
P250 | Franklin,The Bank Collection,classified,0.149304880577,,false
P250 | Franklin,The Bank Collection,classified,0.251158605880,,false
P250 | Franklin,The Bank Collection,classified,0.160718516628,,false
P250 | Franklin,The Bank Collection,classified,0.186987847395,,false
P250 | Franklin,The Bank Collection,classified,0.184420314396,,false
FAMAS | Waters of Nephthys,The Anubis Collection,classified,0.393282223319,,false
P250 | Apep's Curse,The Anubis Collection,classified,0.549987075922,,false
P250 | Apep's Curse,The Anubis Collection,classified,0.699570853460,,false
FAMAS | Waters of Nephthys,The Anubis Collection,classified,0.489756567191,,false
