Name,Collection,Rarity,Float,PriceCents,StatTrak
Glock-18 | AXIA,The Sport & Field Collection,classified,0.362270775648,,false
Glock-18 | AXIA,The Sport & Field Collection,classified,0.236269858126,,false
Galil AR | Rainbow Spoon,The Sport & Field Collection,classified,0.018332796677,,false
Galil AR | Rainbow Spoon,The Sport & Field Collection,classified,0.182433935943,,false
Glock-18 | AXIA,The Sport & Field Collection,classified,0.307710954454,,false
Glock-18 | AXIA,The Sport & Field Collection,classified,0.122232784526,,false
SCAR-20 | Splash Jam,The Militia Collection,classified,0.740151528918,,false
SCAR-20 | Splash Jam,The Militia Collection,classified,0.233461701302,,false
SCAR-20 | Splash Jam,The Militia Collection,classified,0.852507224205,,false
SCAR-20 | Splash Jam,The Militia Collection,classified,0.721348177631,,false
