Name,Collection,Rarity,Float,PriceCents,StatTrak
P250 | Franklin,The Bank Collection,classified,0.087913368094,,false
P250 | Franklin,The Bank Collection,classified,0.229357762764,,false
P250 | Franklin,The Bank Collection,classified,0.044034157661,,false
P250 | Franklin,The Bank Collection,classified,0.102795867007,,false
P250 | Franklin,The Bank Collection,classified,0.178380666332,,false
P250 | Franklin,The Bank Collection,classified,0.093494844248,,false
CZ75-Auto | Xiangliu,The Spectrum Collection,classified,0.407353204864,,false
M4A1-S | Decimator,The Spectrum Collection,classified,0.433978041894,,false
M4A1-S | Decimator,The Spectrum Collection,classified,0.781089624062,,false
CZ75-Auto | Xiangliu,The Spectrum Collection,classified,0.319342333178,,false
