Name,Collection,Rarity,Float,PriceCents,StatTrak
Desert Eagle | Naga,The Chroma Collection,restricted,0.590364524803,,false
Sawed-Off | Serenity,The Chroma Collection,restricted,0.403758426801,,false
Desert Eagle | Naga,The Chroma Collection,restricted,0.597646108239,,false
Desert Eagle | Naga,The Chroma Collection,restricted,0.509314900407,,false
Sawed-Off | Serenity,The Chroma Collection,restricted,0.278566998700,,false
MAC-10 | Malachite,The Chroma Collection,restricted,0.411304398793,,false
Desert Eagle | Naga,The Chroma Collection,restricted,0.653069929949,,false
Sawed-Off | Serenity,The Chroma Collection,restricted,0.412588868237,,false
Dual Berettas | Urban Shock,The Chroma Collection,restricted,0.134681908767,,false
Sawed-Off | Serenity,The Chroma Collection,restricted,0.170139103440,,false
