Name,Collection,Rarity,Float,PriceCents,StatTrak
P250 | Franklin,The Bank Collection,classified,0.232886381274,,false
P250 | Franklin,The Bank Collection,classified,0.030188186524,,false
P250 | Franklin,The Bank Collection,classified,0.284689608032,,false
P250 | Franklin,The Bank Collection,classified,0.291448544662,,false
P250 | Franklin,The Bank Collection,classified,0.248447737581,,false
P250 | Franklin,The Bank Collection,classified,0.132699397280,,false
P250 | Franklin,The Bank Collection,classified,0.059187355540,,false
P250 | Franklin,The Bank Collection,classified,0.041429604808,,false
P250 | Franklin,The Bank Collection,classified,0.291554420544,,false
Nova | Antique,The Phoenix Collection,classified,0.112726516689,,false
