Name,Collection,Rarity,Float,PriceCents,StatTrak
CZ75-Auto | Eco,The Horizon Collection,restricted,0.590706111343,,false
MP7 | Special Delivery,The Shadow Collection,restricted,0.506767020187,,false
M249 | Nebula Crusader,The Shadow Collection,restricted,0.355296595041,,false
M249 | Nebula Crusader,The Shadow Collection,restricted,0.328151502774,,false
Galil AR | Stone Cold,The Shadow Collection,restricted,0.549793118425,,false
MP7 | Special Delivery,The Shadow Collection,restricted,0.513734987269,,false
Galil AR | Stone Cold,The Shadow Collection,restricted,0.671877007155,,false
M249 | Nebula Crusader,The Shadow Collection,restricted,0.812628977497,,false
M249 | Nebula Crusader,The Shadow Collection,restricted,0.953490392583,,false
M249 | Nebula Crusader,The Shadow Collection,restricted,0.417102762536,,false
