Name,Collection,Rarity,Float,PriceCents,StatTrak
AWP | Green Energy,The Boreal Collection,classified,0.086430339994,,false
AWP | Green Energy,The Boreal Collection,classified,0.380712212685,,false
AWP | Green Energy,The Boreal Collection,classified,0.233650379082,,false
AWP | Green Energy,The Boreal Collection,classified,0.585543092896,,false
AWP | Green Energy,The Boreal Collection,classified,0.508384749692,,false
AWP | Green Energy,The Boreal Collection,classified,0.504914736464,,false
AWP | Green Energy,The Boreal Collection,classified,0.210160196765,,false
Glock-18 | AXIA,The Sport & Field Collection,classified,0.404469235348,,false
Glock-18 | AXIA,The Sport & Field Collection,classified,0.200293478957,,false
Glock-18 | AXIA,The Sport & Field Collection,classified,0.412216724937,,false
