Name,Collection,Rarity,Float,PriceCents,StatTrak
SCAR-20 | Splash Jam,The Militia Collection,classified,0.816960268226,,false
SCAR-20 | Splash Jam,The Militia Collection,classified,0.651354776452,,false
SCAR-20 | Splash Jam,The Militia Collection,classified,0.620695835309,,false
SCAR-20 | Splash Jam,The Militia Collection,classified,0.553758190750,,false
SCAR-20 | Splash Jam,The Militia Collection,classified,0.698883661300,,false
SCAR-20 | Splash Jam,The Militia Collection,classified,0.345806045220,,false
SCAR-20 | Splash Jam,The Militia Collection,classified,0.361248976885,,false
SCAR-20 | Splash Jam,The Militia Collection,classified,0.622461680443,,false
SCAR-20 | Splash Jam,The Militia Collection,classified,0.806147216882,,false
SG 553 | Hazard Pay,The 2021 Vertigo Collection,classified,0.326505270250,,false
