Name,Collection,Rarity,Float,PriceCents,StatTrak
UMP-45 | Grand Prix,The Chroma 2 Collection,restricted,0.272011462123,,true
MAG-7 | Heat,The Chroma 2 Collection,restricted,0.727738521120,,true
CZ75-Auto | Pole Position,The Chroma 2 Collection,restricted,0.280991644508,,true
CZ75-Auto | Pole Position,The Chroma 2 Collection,restricted,0.283965192618,,true
CZ75-Auto | Pole Position,The Chroma 2 Collection,restricted,0.244293117676,,true
UMP-45 | Grand Prix,The Chroma 2 Collection,restricted,0.304462435176,,true
UMP-45 | Grand Prix,The Chroma 2 Collection,restricted,0.299209174265,,true
CZ75-Auto | Pole Position,The Chroma 2 Collection,restricted,0.161386376041,,true
UMP-45 | Grand Prix,The Chroma 2 Collection,restricted,0.293003640046,,true
UMP-45 | Grand Prix,The Chroma 2 Collection,restricted,0.338408193450,,true
