Name,Collection,Rarity,Float,PriceCents,StatTrak
Dual Berettas | Twin Turbo,The 2018 Inferno Collection,classified,0.169591792619,,false
Dual Berettas | Twin Turbo,The 2018 Inferno Collection,classified,0.479425713537,,false
SG 553 | Integrale,The 2018 Inferno Collection,classified,0.473082637674,,false
SG 553 | Integrale,The 2018 Inferno Collection,classified,0.034397311654,,false
Dual Berettas | Twin Turbo,The 2018 Inferno Collection,classified,0.068237124856,,false
SG 553 | Integrale,The 2018 Inferno Collection,classified,0.757029070258,,false
Dual Berettas | Twin Turbo,The 2018 Inferno Collection,classified,0.227710276783,,false
Dual Berettas | Twin Turbo,The 2018 Inferno Collection,classified,0.917555713772,,false
AUG | Lil' Pig,The Graphic Design Collection,classified,0.276041672843,,false
AUG | Lil' Pig,The Graphic Design Collection,classified,0.552148215303,,false
