Name,Collection,Rarity,Float,PriceCents,StatTrak
Galil AR | Rainbow Spoon,The Sport & Field Collection,classified,0.235526223805,,false
Galil AR | Rainbow Spoon,The Sport & Field Collection,classified,0.332625969634,,false
Glock-18 | AXIA,The Sport & Field Collection,classified,0.152316605655,,false
Glock-18 | AXIA,The Sport & Field Collection,classified,0.199577842129,,false
Glock-18 | AXIA,The Sport & Field Collection,classified,0.515055503688,,false
Galil AR | Rainbow Spoon,The Sport & Field Collection,classified,0.081349207628,,false
Glock-18 | AXIA,The Sport & Field Collection,classified,0.524318866004,,false
Galil AR | Rainbow Spoon,The Sport & Field Collection,classified,0.230254498032,,false
Galil AR | Rainbow Spoon,The Sport & Field Collection,classified,0.227152775340,,false
Glock-18 | AXIA,The Sport & Field Collection,classified,0.424544311111,,false
