Name,Collection,Rarity,Float,PriceCents,StatTrak
P2000 | Handgun,The Falchion Collection,restricted,0.467114262180,,false
FAMAS | Neural Net,The Falchion Collection,restricted,0.551625412052,,false
MP9 | Ruby Poison Dart,The Falchion Collection,restricted,0.274744034341,,false
FAMAS | Neural Net,The Falchion Collection,restricted,0.304901899234,,false
Tec-9 | Red Quartz,The Train Collection,restricted,0.132889427355,,false
Tec-9 | Red Quartz,The Train Collection,restricted,0.298515115602,,false
Tec-9 | Red Quartz,The Train Collection,restricted,0.217868654058,,false
Tec-9 | Red Quartz,The Train Collection,restricted,0.342975295344,,false
Tec-9 | Red Quartz,The Train Collection,restricted,0.144899061367,,false
Tec-9 | Red Quartz,The Train Collection,restricted,0.375722299464,,false
