Name,Collection,Rarity,Float,PriceCents,StatTrak
AWP | Pit Viper,The Italy Collection,restricted,0.360745326927,,false
AWP | Pit Viper,The Italy Collection,restricted,0.238214346630,,false
AWP | Pit Viper,The Italy Collection,restricted,0.421350885735,,false
AWP | Pit Viper,The Italy Collection,restricted,0.439797643631,,false
AWP | Pit Viper,The Italy Collection,restricted,0.383697587013,,false
AWP | Pit Viper,The Italy Collection,restricted,0.411567139392,,false
AWP | Pit Viper,The Italy Collection,restricted,0.227147918400,,false
AWP | Pit Viper,The Italy Collection,restricted,0.449237220593,,false
AWP | Pit Viper,The Italy Collection,restricted,0.320319832460,,false
Glock-18 | Ramese's Reach,The Anubis Collection,restricted,0.419624114610,,false
