Name,Collection,Rarity,Float,PriceCents,StatTrak
M4A1-S | Control Panel,The 2018 Nuke Collection,classified,0.910372498504,,false
M4A1-S | Control Panel,The 2018 Nuke Collection,classified,0.222004382198,,false
M4A1-S | Control Panel,The 2018 Nuke Collection,classified,0.503655794343,,false
Tec-9 | Remote Control,The 2018 Nuke Collection,classified,0.477150867044,,false
Tec-9 | Remote Control,The 2018 Nuke Collection,classified,0.784797112498,,false
Tec-9 | Remote Control,The 2018 Nuke Collection,classified,0.104372093969,,false
M4A1-S | Control Panel,The 2018 Nuke Collection,classified,0.616775412291,,false
P250 | Apep's Curse,The Anubis Collection,classified,0.595111949828,,false
FAMAS | Waters of Nephthys,The Anubis Collection,classified,0.202236247104,,false
P250 | Apep's Curse,The Anubis Collection,classified,0.410397945039,,false
