Name,Collection,Rarity,Float,PriceCents,StatTrak
Dual Berettas | Cobalt Quartz,The Lake Collection,restricted,0.187280012866,,false
Dual Berettas | Cobalt Quartz,The Lake Collection,restricted,0.179375648215,,false
Dual Berettas | Cobalt Quartz,The Lake Collection,restricted,0.288292933911,,false
Dual Berettas | Cobalt Quartz,The Lake Collection,restricted,0.215679811930,,false
Dual Berettas | Cobalt Quartz,The Lake Collection,restricted,0.239761488173,,false
Dual Berettas | Cobalt Quartz,The Lake Collection,restricted,0.229425510779,,false
Dual Berettas | Cobalt Quartz,The Lake Collection,restricted,0.309306746310,,false
Dual Berettas | Cobalt Quartz,The Lake Collection,restricted,0.022696956742,,false
PP-Bizon | Blue Streak,The eSports 2014 Summer Collection,restricted,0.651464773582,,false
Galil AR | Crimson Tsunami,The Spectrum Collection,restricted,0.226985633289,,false
