Name,Collection,Rarity,Float,PriceCents,StatTrak
MAG-7 | Praetorian,The Wildfire Collection,restricted,0.319875059689,,false
M4A1-S | Nitro,The Safehouse Collection,restricted,0.404878212769,,false
M4A1-S | Nitro,The Safehouse Collection,restricted,0.246517801959,,false
M4A1-S | Nitro,The Safehouse Collection,restricted,0.333938050004,,false
M4A1-S | Nitro,The Safehouse Collection,restricted,0.664970069668,,false
M4A1-S | Nitro,The Safehouse Collection,restricted,0.354637692424,,false
M4A1-S | Nitro,The Safehouse Collection,restricted,0.318146754385,,false
M4A1-S | Nitro,The Safehouse Collection,restricted,0.434379711857,,false
M4A1-S | Nitro,The Safehouse Collection,restricted,0.973277685085,,false
M4A1-S | Nitro,The Safehouse Collection,restricted,0.231025521625,,false
