Name,Collection,Rarity,Float,PriceCents,StatTrak
M249 | Magma,The Winter Offensive Collection,mil-spec,0.467198603172,,false
Galil AR | Sandstorm,The Winter Offensive Collection,mil-spec,0.220013554797,,false
Galil AR | Sandstorm,The Winter Offensive Collection,mil-spec,0.379276978890,,false
SSG 08 | Zeno,The Sport & Field Collection,mil-spec,0.583451764968,,false
SSG 08 | Zeno,The Sport & Field Collection,mil-spec,0.582672123610,,false
P250 | Small Game,The Sport & Field Collection,mil-spec,0.463666228245,,false
Nova | Yorkshire,The Sport & Field Collection,mil-spec,0.564889170733,,false
SSG 08 | Zeno,The Sport & Field Collection,mil-spec,0.300591105063,,false
Nova | Yorkshire,The Sport & Field Collection,mil-spec,0.685432773484,,false
SSG 08 | Zeno,The Sport & Field Collection,mil-spec,0.398711830992,,false
