Name,Collection,Rarity,Float,PriceCents,StatTrak
M4A1-S | Nitro,The Safehouse Collection,restricted,0.574760646057,,false
M4A1-S | Nitro,The Safehouse Collection,restricted,0.888247842541,,false
M4A1-S | Nitro,The Safehouse Collection,restricted,0.604794273248,,false
M4A1-S | Nitro,The Safehouse Collection,restricted,0.565341551168,,false
M4A1-S | Nitro,The Safehouse Collection,restricted,0.920107192995,,false
M4A1-S | Nitro,The Safehouse Collection,restricted,0.315792176894,,false
M4A1-S | Nitro,The Safehouse Collection,restricted,0.754407485400,,false
M4A1-S | Nitro,The Safehouse Collection,restricted,0.348060611413,,false
P90 | Virus,The eSports 2014 Summer Collection,restricted,0.480860818745,,false
MP7 | Ocean Foam,The eSports 2014 Summer Collection,restricted,0.047932600205,,false
