Name,Collection,Rarity,Float,PriceCents,StatTrak
Galil AR | Rainbow Spoon,The Sport & Field Collection,classified,0.161857987421,,false
Galil AR | Rainbow Spoon,The Sport & Field Collection,classified,0.443196186961,,false
AWP | Green Energy,The Boreal Collection,classified,0.215071157022,,false
AWP | Green Energy,The Boreal Collection,classified,0.360244130057,,false
AWP | Green Energy,The Boreal Collection,classified,0.234759313072,,false
AWP | Green Energy,The Boreal Collection,classified,0.227555028547,,false
AWP | Green Energy,The Boreal Collection,classified,0.590712451361,,false
AWP | Green Energy,The Boreal Collection,classified,0.193083957658,,false
AWP | Green Energy,The Boreal Collection,classified,0.673978461888,,false
AWP | Green Energy,The Boreal Collection,classified,0.453294497037,,false
