Name,Collection,Rarity,Float,PriceCents,StatTrak
Galil AR | Rainbow Spoon,The Sport & Field Collection,classified,0.186046508426,,false
Glock-18 | AXIA,The Sport & Field Collection,classified,0.230320144511,,false
Glock-18 | AXIA,The Sport & Field Collection,classified,0.091461306608,,false
Glock-18 | AXIA,The Sport & Field Collection,classified,0.596324781269,,false
Galil AR | Rainbow Spoon,The Sport & Field Collection,classified,0.327383328913,,false
Glock-18 | AXIA,The Sport & Field Collection,classified,0.153114777479,,false
Glock-18 | AXIA,The Sport & Field Collection,classified,0.149484964419,,false
Glock-18 | AXIA,The Sport & Field Collection,classified,0.415063754092,,false
Glock-18 | AXIA,The Sport & Field Collection,classified,0.450493003219,,false
Galil AR | Rainbow Spoon,The Sport & Field Collection,classified,0.395170298344,,false
