Name,Collection,Rarity,Float,PriceCents,StatTrak
M249 | Nebula Crusader,The Shadow Collection,restricted,0.633495172888,,false
P250 | Wingshot,The Shadow Collection,restricted,0.558332491072,,false
P250 | Wingshot,The Shadow Collection,restricted,0.574370067873,,false
P250 | Wingshot,The Shadow Collection,restricted,0.612910718475,,false
Galil AR | Stone Cold,The Shadow Collection,restricted,0.781666883379,,false
P250 | Wingshot,The Shadow Collection,restricted,0.456794876551,,false
M249 | Nebula Crusader,The Shadow Collection,restricted,0.546284878866,,false
M249 | Nebula Crusader,The Shadow Collection,restricted,0.220877981980,,false
Galil AR | Stone Cold,The Shadow Collection,restricted,0.184554702734,,false
M249 | Nebula Crusader,The Shadow Collection,restricted,0.976518121153,,false
