Name,Collection,Rarity,Float,PriceCents,StatTrak
Galil AR | Stone Cold,The Shadow Collection,restricted,0.784495650845,,false
MP7 | Special Delivery,The Shadow Collection,restricted,0.189699841523,,false
M249 | Nebula Crusader,The Shadow Collection,restricted,0.526854146010,,false
M249 | Nebula Crusader,The Shadow Collection,restricted,0.353097481438,,false
P250 | Wingshot,The Shadow Collection,restricted,0.678089586856,,false
P250 | Wingshot,The Shadow Collection,restricted,0.840404701870,,false
M249 | Nebula Crusader,The Shadow Collection,restricted,0.513791232974,,false
Galil AR | Stone Cold,The Shadow Collection,restricted,0.486195962393,,false
MP7 | Special Delivery,The Shadow Collection,restricted,0.461399312382,,false
MP7 | Special Delivery,The Shadow Collection,restricted,0.272448009117,,false
