Name,Collection,Rarity,Float,PriceCents,StatTrak
Galil AR | Rainbow Spoon,The Sport & Field Collection,classified,0.235938722936,,false
Glock-18 | AXIA,The Sport & Field Collection,classified,0.167759314667,,false
Glock-18 | AXIA,The Sport & Field Collection,classified,0.634840304425,,false
Glock-18 | AXIA,The Sport & Field Collection,classified,0.552137109657,,false
SG 553 | Integrale,The 2018 Inferno Collection,classified,0.471117399907,,false
SG 553 | Integrale,The 2018 Inferno Collection,classified,0.164596235084,,false
SG 553 | Integrale,The 2018 Inferno Collection,classified,0.287612158383,,false
SG 553 | Integrale,The 2018 Inferno Collection,classified,0.692784626909,,false
SG 553 | Integrale,The 2018 Inferno Collection,classified,0.372836462354,,false
Dual Berettas | Twin Turbo,The 2018 Inferno Collection,classified,0.113964011277,,false
