Name,Collection,Rarity,Float,PriceCents,StatTrak
SSG 08 | Parallax,The Operation Broken Fang Collection,restricted,0.894506003063,,true
Dual Berettas | Dezastre,The Operation Broken Fang Collection,restricted,0.501162798545,,true
Nova | Clear Polymer,The Operation Broken Fang Collection,restricted,0.311512943078,,true
UMP-45 | Gold Bismuth,The Operation Broken Fang Collection,restricted,0.632207451835,,true
UMP-45 | Gold Bismuth,The Operation Broken Fang Collection,restricted,0.455473640821,,true
Nova | Clear Polymer,The Operation Broken Fang Collection,restricted,0.314492327248,,true
UMP-45 | Gold Bismuth,The Operation Broken Fang Collection,restricted,0.048308281443,,true
UMP-45 | Gold Bismuth,The Operation Broken Fang Collection,restricted,0.595699627750,,true
UMP-45 | Gold Bismuth,The Operation Broken Fang Collection,restricted,0.561029468754,,true
UMP-45 | Gold Bismuth,The Operation Broken Fang Collection,restricted,0.237418909385,,true
