Name,Collection,Rarity,Float,PriceCents,StatTrak
Tec-9 | Red Quartz,The Train Collection,restricted,0.167609709122,,false
Tec-9 | Red Quartz,The Train Collection,restricted,0.183900613253,,false
Tec-9 | Red Quartz,The Train Collection,restricted,0.291672785381,,false
Tec-9 | Red Quartz,The Train Collection,restricted,0.253334758194,,false
Tec-9 | Red Quartz,The Train Collection,restricted,0.240275835475,,false
Tec-9 | Red Quartz,The Train Collection,restricted,0.161663829236,,false
Tec-9 | Red Quartz,The Train Collection,restricted,0.359117248231,,false
AWP | POP AWP,The 2021 Train Collection,restricted,0.114670885890,,false
CZ75-Auto | Syndicate,The 2021 Train Collection,restricted,0.337699271411,,false
AWP | POP AWP,The 2021 Train Collection,restricted,0.266847180003,,false
