Name,Collection,Rarity,Float,PriceCents,StatTrak
AWP | Pit Viper,The Italy Collection,restricted,0.226154469525,,false
AWP | Pit Viper,The Italy Collection,restricted,0.282954343507,,false
AWP | Pit Viper,The Italy Collection,restricted,0.158114921538,,false
AWP | Pit Viper,The Italy Collection,restricted,0.258945797099,,false
AWP | Pit Viper,The Italy Collection,restricted,0.300749965724,,false
AWP | Pit Viper,The Italy Collection,restricted,0.286861752062,,false
AWP | Pit Viper,The Italy Collection,restricted,0.170335433051,,false
Nova | Sobek's Bite,The Anubis Collection,restricted,0.567021656520,,false
Glock-18 | Ramese's Reach,The Anubis Collection,restricted,0.439036035481,,false
P90 | ScaraB Rush,The Anubis Collection,restricted,0.515215468743,,false
