Name,Collection,Rarity,Float,PriceCents,StatTrak
CZ75-Auto | Yellow Jacket,The Falchion Collection,classified,0.670486637133,,false
CZ75-Auto | Yellow Jacket,The Falchion Collection,classified,0.335032438355,,false
SG 553 | Cyrex,The Falchion Collection,classified,0.606255084785,,false
SG 553 | Cyrex,The Falchion Collection,classified,0.539130203097,,false
P250 | Franklin,The Bank Collection,classified,0.261740646350,,false
P250 | Franklin,The Bank Collection,classified,0.066149251654,,false
P250 | Franklin,The Bank Collection,classified,0.257175839930,,false
P250 | Franklin,The Bank Collection,classified,0.200386435121,,false
P250 | Franklin,The Bank Collection,classified,0.346832285096,,false
P250 | Franklin,The Bank Collection,classified,0.213707745801,,false
