Name,Collection,Rarity,Float,PriceCents,StatTrak
AWP | Pit Viper,The Italy Collection,restricted,0.383587990893,,false
AWP | Pit Viper,The Italy Collection,restricted,0.443051198757,,false
AWP | Pit Viper,The Italy Collection,restricted,0.188717236024,,false
AWP | Pit Viper,The Italy Collection,restricted,0.299340733877,,false
AWP | Pit Viper,The Italy Collection,restricted,0.448615904840,,false
AWP | Pit Viper,The Italy Collection,restricted,0.340553493794,,false
AWP | Pit Viper,The Italy Collection,restricted,0.295036681851,,false
AWP | Pit Viper,The Italy Collection,restricted,0.187543907727,,false
USP-S | Ancient Visions,The Ancient Collection,restricted,0.174333570205,,false
XM1014 | Ancient Lore,The Ancient Collection,restricted,0.330610664894,,false
