Name,Collection,Rarity,Float,PriceCents,StatTrak
USP-S | Road Rash,The Overpass Collection,restricted,0.297443356642,,false
AWP | Pink DDPAT,The Overpass Collection,restricted,0.532095970268,,false
AWP | Pink DDPAT,The Overpass Collection,restricted,0.112186533135,,false
Tec-9 | Red Quartz,The Train Collection,restricted,0.164585237884,,false
Tec-9 | Red Quartz,The Train Collection,restricted,0.103315694331,,false
Tec-9 | Red Quartz,The Train Collection,restricted,0.122518957033,,false
Tec-9 | Red Quartz,The Train Collection,restricted,0.304888282502,,false
Tec-9 | Red Quartz,The Train Collection,restricted,0.242626687881,,false
Tec-9 | Red Quartz,The Train Collection,restricted,0.060847309899,,false
Tec-9 | Red Quartz,The Train Collection,restricted,0.288111592634,,false
