Name,Collection,Rarity,Float,PriceCents,StatTrak
SG 553 | Darkwing,The Prisma 2 Collection,restricted,0.783349379674,,true
Sawed-Off | Apocalypto,The Prisma 2 Collection,restricted,0.652919218230,,true
SG 553 | Darkwing,The Prisma 2 Collection,restricted,0.396347385025,,true
SCAR-20 | Enforcer,The Prisma 2 Collection,restricted,0.300195382700,,true
Sawed-Off | Apocalypto,The Prisma 2 Collection,restricted,0.823106343172,,true
SG 553 | Darkwing,The Prisma 2 Collection,restricted,0.890464439203,,true
P2000 | Acid Etched,The Prisma 2 Collection,restricted,0.581561194996,,true
SCAR-20 | Enforcer,The Prisma 2 Collection,restricted,0.103118002672,,true
SCAR-20 | Enforcer,The Prisma 2 Collection,restricted,0.738360965396,,true
SCAR-20 | Enforcer,The Prisma 2 Collection,restricted,0.743512732752,,true
