Name,Collection,Rarity,Float,PriceCents,StatTrak
Dual Berettas | Cobalt Quartz,The Lake Collection,restricted,0.186080446599,,false
Dual Berettas | Cobalt Quartz,The Lake Collection,restricted,0.211768890826,,false
Dual Berettas | Cobalt Quartz,The Lake Collection,restricted,0.149717982499,,false
Dual Berettas | Cobalt Quartz,The Lake Collection,restricted,0.286782590678,,false
Dual Berettas | Cobalt Quartz,The Lake Collection,restricted,0.191447171826,,false
Dual Berettas | Cobalt Quartz,The Lake Collection,restricted,0.088308018066,,false
P90 | Randy Rush,The Gallery Collection,restricted,0.374044317674,,false
M4A4 | Turbine,The Gallery Collection,restricted,0.581898257546,,false
Dual Berettas | Hydro Strike,The Gallery Collection,restricted,0.598048363313,,false
M4A4 | Turbine,The Gallery Collection,restricted,0.648866254517,,false
