Name,Collection,Rarity,Float,PriceCents,StatTrak
Nova | Sobek's Bite,The Anubis Collection,restricted,0.208098897761,,false
Glock-18 | Ramese's Reach,The Anubis Collection,restricted,0.612546604041,,false
Nova | Sobek's Bite,The Anubis Collection,restricted,0.460647970587,,false
Nova | Sobek's Bite,The Anubis Collection,restricted,0.356302443613,,false
Dual Berettas | Cobalt Quartz,The Lake Collection,restricted,0.138090067047,,false
Dual Berettas | Cobalt Quartz,The Lake Collection,restricted,0.149195381618,,false
Dual Berettas | Cobalt Quartz,The Lake Collection,restricted,0.229950846248,,false
Dual Berettas | Cobalt Quartz,The Lake Collection,restricted,0.344776903454,,false
Dual Berettas | Cobalt Quartz,The Lake Collection,restricted,0.285097392926,,false
Dual Berettas | Cobalt Quartz,The Lake Collection,restricted,0.361067229824,,false
