Name,Collection,Rarity,Float,PriceCents,StatTrak
CZ75-Auto | Red Astor,The Chroma 3 Collection,restricted,0.390707633635,,false
Dual Berettas | Cobalt Quartz,The Lake Collection,restricted,0.319147526342,,false
Dual Berettas | Cobalt Quartz,The Lake Collection,restricted,0.092313648350,,false
Dual Berettas | Cobalt Quartz,The Lake Collection,restricted,0.138464552157,,false
Dual Berettas | Cobalt Quartz,The Lake Collection,restricted,0.143223871040,,false
Dual Berettas | Cobalt Quartz,The Lake Collection,restricted,0.115474576360,,false
Dual Berettas | Cobalt Quartz,The Lake Collection,restricted,0.218790005540,,false
Dual Berettas | Cobalt Quartz,The Lake Collection,restricted,0.353451723953,,false
Dual Berettas | Cobalt Quartz,The Lake Collection,restricted,0.213287224315,,false
Dual Berettas | Cobalt Quartz,The Lake Collection,restricted,0.276532645374,,false
