Name,Collection,Rarity,Float,PriceCents,StatTrak
P250 | Mehndi,The Winter Offensive Collection,classified,0.220819826040,,false
P250 | Franklin,The Bank Collection,classified,0.137655625997,,false
P250 | Franklin,The Bank Collection,classified,0.168958930358,,false
P250 | Franklin,The Bank Collection,classified,0.305118573069,,false
P250 | Franklin,The Bank Collection,classified,0.370316690630,,false
P250 | Franklin,The Bank Collection,classified,0.232905865471,,false
P250 | Franklin,The Bank Collection,classified,0.203913475642,,false
P250 | Franklin,The Bank Collection,classified,0.258389788564,,false
P250 | Franklin,The Bank Collection,classified,0.192857853806,,false
P250 | Franklin,The Bank Collection,classified,0.081189832282,,false
