Name,Collection,Rarity,Float,PriceCents,StatTrak
M4A1-S | Master Piece,The Overpass Collection,classified,0.839610281729,,false
M4A1-S | Master Piece,The Overpass Collection,classified,0.744888964572,,false
M4A1-S | Control Panel,The 2018 Nuke Collection,classified,0.729485500337,,false
Tec-9 | Remote Control,The 2018 Nuke Collection,classified,0.171976472175,,false
Tec-9 | Remote Control,The 2018 Nuke Collection,classified,0.453077880851,,false
M4A1-S | Control Panel,The 2018 Nuke Collection,classified,0.094407005282,,false
M4A1-S | Control Panel,The 2018 Nuke Collection,classified,0.783400213359,,false
M4A1-S | Control Panel,The 2018 Nuke Collection,classified,0.557247690771,,false
Glock-18 | AXIA,The Sport & Field Collection,classified,0.495731754035,,false
Galil AR | Rainbow Spoon,The Sport & Field Collection,classified,0.366748428193,,false
