Name,Collection,Rarity,Float,PriceCents,StatTrak
P250 | X-Ray,The X-Ray Collection,restricted,0.213445923860,,false
P250 | X-Ray,The X-Ray Collection,restricted,0.239311388329,,false
P250 | X-Ray,The X-Ray Collection,restricted,0.122519003251,,false
P250 | X-Ray,The X-Ray Collection,restricted,0.254458329071,,false
P250 | X-Ray,The X-Ray Collection,restricted,0.085818501454,,false
P250 | X-Ray,The X-Ray Collection,restricted,0.242674027735,,false
P250 | X-Ray,The X-Ray Collection,restricted,0.153904881595,,false
P250 | X-Ray,The X-Ray Collection,restricted,0.225063268347,,false
Galil AR | Control,The Fever Collection,restricted,0.116547337720,,false
FAMAS | ZX Spectron,The Operation Riptide Collection,restricted,0.504609735589,,false
