Name,Collection,Rarity,Float,PriceCents,StatTrak
P250 | Franklin,The Bank Collection,classified,0.020993392346,,false
P250 | Franklin,The Bank Collection,classified,0.079513964362,,false
P250 | Franklin,The Bank Collection,classified,0.189766443435,,false
P250 | Franklin,The Bank Collection,classified,0.035968966490,,false
P250 | Franklin,The Bank Collection,classified,0.092487376353,,false
P250 | Franklin,The Bank Collection,classified,0.097558695023,,false
P250 | Franklin,The Bank Collection,classified,0.127720686083,,false
P250 | Franklin,The Bank Collection,classified,0.233547543708,,false
P250 | Franklin,The Bank Collection,classified,0.216950143377,,false
MP9 | Latte Rush,The Train 2025 Collection,classified,0.513738856405,,false
