Name,Collection,Rarity,Float,PriceCents,StatTrak
P250 | Franklin,The Bank Collection,classified,0.233154847370,,false
Glock-18 | AXIA,The Sport & Field Collection,classified,0.244186680128,,false
Galil AR | Rainbow Spoon,The Sport & Field Collection,classified,0.460545260376,,false
Galil AR | Rainbow Spoon,The Sport & Field Collection,classified,0.379888565749,,false
Glock-18 | AXIA,The Sport & Field Collection,classified,0.462997460669,,false
Galil AR | Rainbow Spoon,The Sport & Field Collection,classified,0.375037921097,,false
Glock-18 | AXIA,The Sport & Field Collection,classified,0.152628228726,,false
Glock-18 | AXIA,The Sport & Field Collection,classified,0.292144330001,,false
Glock-18 | AXIA,The Sport & Field Collection,classified,0.431466985673,,false
Galil AR | Rainbow Spoon,The Sport & Field Collection,classified,0.279836704678,,false
