Name,Collection,Rarity,Float,PriceCents,StatTrak
M4A1-S | Nitro,The Safehouse Collection,restricted,0.672318468077,,false
M4A1-S | Nitro,The Safehouse Collection,restricted,0.919763729613,,false
M4A1-S | Nitro,The Safehouse Collection,restricted,0.513186395151,,false
M4A1-S | Nitro,The Safehouse Collection,restricted,0.482754668199,,false
M4A1-S | Nitro,The Safehouse Collection,restricted,0.735682339501,,false
M4A1-S | Nitro,The Safehouse Collection,restricted,0.248797081713,,false
M4A1-S | Nitro,The Safehouse Collection,restricted,0.669616611637,,false
MAC-10 | Case Hardened,The 2021 Dust 2 Collection,restricted,0.102010195726,,false
MAC-10 | Case Hardened,The 2021 Dust 2 Collection,restricted,0.608466535154,,false
MAC-10 | Case Hardened,The 2021 Dust 2 Collection,restricted,0.535819463152,,false
