Name,Collection,Rarity,Float,PriceCents,StatTrak
Tec-9 | Red Quartz,The Train Collection,restricted,0.124913798073,,false
Tec-9 | Red Quartz,The Train Collection,restricted,0.275851182607,,false
Tec-9 | Red Quartz,The Train Collection,restricted,0.233697140522,,false
Tec-9 | Red Quartz,The Train Collection,restricted,0.189507384223,,false
Tec-9 | Red Quartz,The Train Collection,restricted,0.231148205163,,false
Tec-9 | Red Quartz,The Train Collection,restricted,0.058279228148,,false
Tec-9 | Red Quartz,The Train Collection,restricted,0.334981513602,,false
Tec-9 | Red Quartz,The Train Collection,restricted,0.194182339389,,false
Tec-9 | Red Quartz,The Train Collection,restricted,0.220020722160,,false
P90 | ScaraB Rush,The Anubis Collection,restricted,0.467337626403,,false
