Name,Collection,Rarity,Float,PriceCents,StatTrak
AWP | Pit Viper,The Italy Collection,restricted,0.281779253663,,false
AWP | Pit Viper,The Italy Collection,restricted,0.441812984716,,false
AWP | Pit Viper,The Italy Collection,restricted,0.116601749026,,false
AWP | Pit Viper,The Italy Collection,restricted,0.269472026031,,false
AWP | Pit Viper,The Italy Collection,restricted,0.279868105190,,false
AWP | Pit Viper,The Italy Collection,restricted,0.344210391953,,false
Nova | Sobek's Bite,The Anubis Collection,restricted,0.339024157901,,false
P90 | ScaraB Rush,The Anubis Collection,restricted,0.874580881697,,false
P90 | ScaraB Rush,The Anubis Collection,restricted,0.243749853200,,false
P90 | ScaraB Rush,The Anubis Collection,restricted,0.916947161705,,false
