Name,Collection,Rarity,Float,PriceCents,StatTrak
Tec-9 | Remote Control,The 2018 Nuke Collection,classified,0.151699848567,,false
M4A1-S | Control Panel,The 2018 Nuke Collection,classified,0.604760878600,,false
Tec-9 | Remote Control,The 2018 Nuke Collection,classified,0.404007603957,,false
M4A1-S | Control Panel,The 2018 Nuke Collection,classified,0.507625279001,,false
Tec-9 | Remote Control,The 2018 Nuke Collection,classified,0.367743316356,,false
Tec-9 | Remote Control,The 2018 Nuke Collection,classified,0.461857342583,,false
Tec-9 | Remote Control,The 2018 Nuke Collection,classified,0.285070377015,,false
M4A1-S | Control Panel,The 2018 Nuke Collection,classified,0.388190859422,,false
M4A1-S | Decimator,The Spectrum Collection,classified,0.412783337261,,false
CZ75-Auto | Xiangliu,The Spectrum Collection,classified,0.430048529131,,false
