Name,Collection,Rarity,Float,PriceCents,StatTrak
Dual Berettas | Urban Shock,The Chroma Collection,restricted,0.073911405078,,false
Dual Berettas | Cobalt Quartz,The Lake Collection,restricted,0.219259687992,,false
Dual Berettas | Cobalt Quartz,The Lake Collection,restricted,0.209839012431,,false
Dual Berettas | Cobalt Quartz,The Lake Collection,restricted,0.378818372854,,false
Dual Berettas | Cobalt Quartz,The Lake Collection,restricted,0.063081745105,,false
Dual Berettas | Cobalt Quartz,The Lake Collection,restricted,0.202617142252,,false
Dual Berettas | Cobalt Quartz,The Lake Collection,restricted,0.075958348317,,false
Dual Berettas | Cobalt Quartz,The Lake Collection,restricted,0.179471252812,,false
Dual Berettas | Cobalt Quartz,The Lake Collection,restricted,0.125431798361,,false
Dual Berettas | Cobalt Quartz,The Lake Collection,restricted,0.074021369521,,false
