Name,Collection,Rarity,Float,PriceCents,StatTrak
Glock-18 | AXIA,The Sport & Field Collection,classified,0.642734043051,,false
Galil AR | Rainbow Spoon,The Sport & Field Collection,classified,0.251614261845,,false
Galil AR | Rainbow Spoon,The Sport & Field Collection,classified,0.173859505614,,false
Galil AR | Rainbow Spoon,The Sport & Field Collection,classified,0.391237251146,,false
Galil AR | Rainbow Spoon,The Sport & Field Collection,classified,0.307332508958,,false
Galil AR | Rainbow Spoon,The Sport & Field Collection,classified,0.321852016923,,false
Glock-18 | AXIA,The Sport & Field Collection,classified,0.375421802198,,false
Glock-18 | AXIA,The Sport & Field Collection,classified,0.156919242949,,false
Glock-18 | AXIA,The Sport & Field Collection,classified,0.336390661362,,false
Galil AR | Rainbow Spoon,The Sport & Field Collection,classified,0.183198326517,,false
