Name,Collection,Rarity,Float,PriceCents,StatTrak
Nova | Sobek's Bite,The Anubis Collection,restricted,0.094012338384,,false
Tec-9 | Red Quartz,The Train Collection,restricted,0.223344766595,,false
Tec-9 | Red Quartz,The Train Collection,restricted,0.122134423633,,false
Tec-9 | Red Quartz,The Train Collection,restricted,0.101559957794,,false
Tec-9 | Red Quartz,The Train Collection,restricted,0.289978332022,,false
Tec-9 | Red Quartz,The Train Collection,restricted,0.135117261900,,false
Tec-9 | Red Quartz,The Train Collection,restricted,0.193000461953,,false
Tec-9 | Red Quartz,The Train Collection,restricted,0.042967863715,,false
Tec-9 | Red Quartz,The Train Collection,restricted,0.338033314201,,false
Tec-9 | Red Quartz,The Train Collection,restricted,0.237322356914,,false
