Name,Collection,Rarity,Float,PriceCents,StatTrak
SG 553 | Triarch,#CSGO_set_gamma_2,restricted,0.293522524436,,false
SG 553 | Triarch,#CSGO_set_gamma_2,restricted,0.679442639472,,false
Desert Eagle | Directive,#CSGO_set_gamma_2,restricted,0.827427345514,,false
M4A1-S | Nitro,The Safehouse Collection,restricted,0.946063682577,,false
M4A1-S | Nitro,The Safehouse Collection,restricted,0.269442022880,,false
M4A1-S | Nitro,The Safehouse Collection,restricted,0.956853503619,,false
M4A1-S | Nitro,The Safehouse Collection,restricted,0.691359266848,,false
M4A1-S | Nitro,The Safehouse Collection,restricted,0.407008648894,,false
M4A1-S | Nitro,The Safehouse Collection,restricted,0.886956569350,,false
M4A1-S | Nitro,The Safehouse Collection,restricted,0.404202329100,,false
