Name,Collection,Rarity,Float,PriceCents,StatTrak
AWP | Pit Viper,The Italy Collection,restricted,0.306296306122,,false
AWP | Pit Viper,The Italy Collection,restricted,0.411693515577,,false
AWP | Pit Viper,The Italy Collection,restricted,0.258415701210,,false
AWP | Pit Viper,The Italy Collection,restricted,0.218949160512,,false
AWP | Pit Viper,The Italy Collection,restricted,0.173048708016,,false
AWP | Pit Viper,The Italy Collection,restricted,0.394516602743,,false
AWP | Pit Viper,The Italy Collection,restricted,0.287322738698,,false
Desert Eagle | Pilot,The Baggage Collection,restricted,0.243246229659,,false
AK-47 | First Class,The Baggage Collection,restricted,0.307405130924,,false
Dual Berettas | Cobalt Quartz,The Lake Collection,restricted,0.218805485734,,false
