Name,Collection,Rarity,Float,PriceCents,StatTrak
M249 | Nebula Crusader,The Shadow Collection,restricted,0.501134711697,,true
MP7 | Special Delivery,The Shadow Collection,restricted,0.367808064783,,true
Galil AR | Stone Cold,The Shadow Collection,restricted,0.493943618608,,true
M249 | Nebula Crusader,The Shadow Collection,restricted,0.649770355259,,true
MP7 | Special Delivery,The Shadow Collection,restricted,0.296344557442,,true
MP7 | Special Delivery,The Shadow Collection,restricted,0.494358504438,,true
MP7 | Special Delivery,The Shadow Collection,restricted,0.528290586939,,true
Galil AR | Stone Cold,The Shadow Collection,restricted,0.457114555927,,true
Galil AR | Stone Cold,The Shadow Collection,restricted,0.383327902616,,true
M249 | Nebula Crusader,The Shadow Collection,restricted,0.410244374817,,true
