Name,Collection,Rarity,Float,PriceCents,StatTrak
Tec-9 | Brother,The Fracture Collection,restricted,0.847624986821,,false
MAC-10 | Allure,The Fracture Collection,restricted,0.713277032338,,false
Tec-9 | Brother,The Fracture Collection,restricted,0.837169204568,,false
MAC-10 | Allure,The Fracture Collection,restricted,0.424543699567,,false
Galil AR | Connexion,The Fracture Collection,restricted,0.461026409898,,false
MAC-10 | Allure,The Fracture Collection,restricted,0.408359315634,,false
Galil AR | Connexion,The Fracture Collection,restricted,0.297793786198,,false
MAG-7 | Monster Call,The Fracture Collection,restricted,0.177424031443,,false
Galil AR | Connexion,The Fracture Collection,restricted,0.302579790267,,false
Galil AR | Connexion,The Fracture Collection,restricted,0.278209058640,,false
