Name,Collection,Rarity,Float,PriceCents,StatTrak
Galil AR | Rainbow Spoon,The Sport & Field Collection,classified,0.367199041055,,false
Glock-18 | AXIA,The Sport & Field Collection,classified,0.327068485315,,false
Galil AR | Rainbow Spoon,The Sport & Field Collection,classified,0.454673441613,,false
Galil AR | Rainbow Spoon,The Sport & Field Collection,classified,0.431870879083,,false
Galil AR | Rainbow Spoon,The Sport & Field Collection,classified,0.178259251865,,false
Galil AR | Rainbow Spoon,The Sport & Field Collection,classified,0.327168551591,,false
Glock-18 | AXIA,The Sport & Field Collection,classified,0.381253148890,,false
Galil AR | Rainbow Spoon,The Sport & Field Collection,classified,0.155984306940,,false
Glock-18 | AXIA,The Sport & Field Collection,classified,0.244792973233,,false
Glock-18 | AXIA,The Sport & Field Collection,classified,0.326862958055,,false
