Name,Collection,Rarity,Float,PriceCents,StatTrak
FAMAS | Valence,The Wildfire Collection,restricted,0.505127003430,,false
MP7 | Impire,The Wildfire Collection,restricted,0.224980766773,,false
Glock-18 | Royal Legion,The Wildfire Collection,restricted,0.151561562498,,false
UMP-45 | Grand Prix,The Chroma 2 Collection,restricted,0.308911555428,,false
UMP-45 | Grand Prix,The Chroma 2 Collection,restricted,0.297738265074,,false
AWP | Worm God,The Chroma 2 Collection,restricted,0.335346158080,,false
AWP | Pit Viper,The Italy Collection,restricted,0.341511873932,,false
AWP | Pit Viper,The Italy Collection,restricted,0.314981397962,,false
AWP | Pit Viper,The Italy Collection,restricted,0.333371010429,,false
AWP | Pit Viper,The Italy Collection,restricted,0.270172739851,,false
