Name,Collection,Rarity,Float,PriceCents,StatTrak
MP7 | Powercore,The Horizon Collection,restricted,0.646331818626,,false
G3SG1 | High Seas,The Horizon Collection,restricted,0.192869306849,,false
M4A1-S | Nitro,The Safehouse Collection,restricted,0.886860735439,,false
M4A1-S | Nitro,The Safehouse Collection,restricted,0.482419827067,,false
M4A1-S | Nitro,The Safehouse Collection,restricted,0.714379754454,,false
M4A1-S | Nitro,The Safehouse Collection,restricted,0.319289459464,,false
M4A1-S | Nitro,The Safehouse Collection,restricted,0.710746626061,,false
M4A1-S | Nitro,The Safehouse Collection,restricted,0.313521759132,,false
M4A1-S | Nitro,The Safehouse Collection,restricted,0.766000602542,,false
M4A1-S | Nitro,The Safehouse Collection,restricted,0.882917905884,,false
