Name,Collection,Rarity,Float,PriceCents,StatTrak
Glock-18 | AXIA,The Sport & Field Collection,classified,0.597379331792,,false
Glock-18 | AXIA,The Sport & Field Collection,classified,0.621707895906,,false
Galil AR | Rainbow Spoon,The Sport & Field Collection,classified,0.200314006711,,false
Galil AR | Rainbow Spoon,The Sport & Field Collection,classified,0.255477738710,,false
Glock-18 | AXIA,The Sport & Field Collection,classified,0.553105485533,,false
Glock-18 | AXIA,The Sport & Field Collection,classified,0.471898888073,,false
Glock-18 | AXIA,The Sport & Field Collection,classified,0.436164052381,,false
Galil AR | Rainbow Spoon,The Sport & Field Collection,classified,0.302219741576,,false
M4A1-S | Stratosphere,The Ascent Collection,classified,0.364124502314,,false
M4A1-S | Stratosphere,The Ascent Collection,classified,0.208108641768,,false
