Name,Collection,Rarity,Float,PriceCents,StatTrak
MAC-10 | Case Hardened,The 2021 Dust 2 Collection,restricted,0.671268444348,,false
M4A1-S | Flashback,The Glove Collection,restricted,0.767982950705,,false
USP-S | Cyrex,The Glove Collection,restricted,0.081536391421,,false
Nova | Gila,The Glove Collection,restricted,0.163534374923,,false
P250 | X-Ray,The X-Ray Collection,restricted,0.232762847897,,false
P250 | X-Ray,The X-Ray Collection,restricted,0.191203991115,,false
P250 | X-Ray,The X-Ray Collection,restricted,0.160212122053,,false
P250 | X-Ray,The X-Ray Collection,restricted,0.099062777873,,false
P250 | X-Ray,The X-Ray Collection,restricted,0.087115055422,,false
P250 | X-Ray,The X-Ray Collection,restricted,0.146201690708,,false
