Name,Collection,Rarity,Float,PriceCents,StatTrak
Dual Berettas | Royal Consorts,The Glove Collection,restricted,0.439397607371,,true
G3SG1 | Stinger,The Glove Collection,restricted,0.454189990841,,true
G3SG1 | Stinger,The Glove Collection,restricted,0.317685271732,,true
G3SG1 | Stinger,The Glove Collection,restricted,0.328854868487,,true
G3SG1 | Stinger,The Glove Collection,restricted,0.174440675368,,true
G3SG1 | Stinger,The Glove Collection,restricted,0.412052522238,,true
G3SG1 | Stinger,The Glove Collection,restricted,0.312821171094,,true
G3SG1 | Stinger,The Glove Collection,restricted,0.539270698855,,true
Dual Berettas | Royal Consorts,The Glove Collection,restricted,0.611476325333,,true
SSG 08 | Parallax,The Operation Broken Fang Collection,restricted,0.508400100230,,true
