Name,Collection,Rarity,Float,PriceCents,StatTrak
Nova | Yorkshire,The Sport & Field Collection,mil-spec,0.819136796243,,false
USP-S | Alpine Camo,The Sport & Field Collection,mil-spec,0.356101215332,,false
SSG 08 | Zeno,The Sport & Field Collection,mil-spec,0.495498150510,,false
USP-S | Alpine Camo,The Sport & Field Collection,mil-spec,0.072427752381,,false
P250 | Small Game,The Sport & Field Collection,mil-spec,0.497117855445,,false
SSG 08 | Zeno,The Sport & Field Collection,mil-spec,0.523673153229,,false
USP-S | Alpine Camo,The Sport & Field Collection,mil-spec,0.268198527906,,false
USP-S | Alpine Camo,The Sport & Field Collection,mil-spec,0.515276376960,,false
SSG 08 | Zeno,The Sport & Field Collection,mil-spec,0.276986436802,,false
P250 | Small Game,The Sport & Field Collection,mil-spec,0.465083572565,,false
