Name,Collection,Rarity,Float,PriceCents,StatTrak
P2000 | Space Race,The 2021 Train Collection,restricted,0.345670772121,,false
AWP | Pit Viper,The Italy Collection,restricted,0.309887630991,,false
AWP | Pit Viper,The Italy Collection,restricted,0.327929869399,,false
AWP | Pit Viper,The Italy Collection,restricted,0.332132606916,,false
AWP | Pit Viper,The Italy Collection,restricted,0.352866144369,,false
AWP | Pit Viper,The Italy Collection,restricted,0.339574291712,,false
AWP | Pit Viper,The Italy Collection,restricted,0.180855666795,,false
AWP | Pit Viper,The Italy Collection,restricted,0.256785939007,,false
AWP | Pit Viper,The Italy Collection,restricted,0.170656638653,,false
AWP | Pit Viper,The Italy Collection,restricted,0.470008554545,,false
