Name,Collection,Rarity,Float,PriceCents,StatTrak
M4A1-S | Nitro,The Safehouse Collection,restricted,0.770714631730,,false
M4A1-S | Nitro,The Safehouse Collection,restricted,0.613872172918,,false
M4A1-S | Nitro,The Safehouse Collection,restricted,0.434489703079,,false
M4A1-S | Nitro,The Safehouse Collection,restricted,0.480388197547,,false
M4A1-S | Nitro,The Safehouse Collection,restricted,0.078645990863,,false
AUG | Arctic Wolf,The Shattered Web Collection,restricted,0.416539294380,,false
PP-Bizon | Embargo,The Shattered Web Collection,restricted,0.550174703680,,false
PP-Bizon | Embargo,The Shattered Web Collection,restricted,0.555098976151,,false
P2000 | Obsidian,The Shattered Web Collection,restricted,0.782235047382,,false
P2000 | Obsidian,The Shattered Web Collection,restricted,0.941407486195,,false
