Name,Collection,Rarity,Float,PriceCents,StatTrak
SG 553 | Triarch,#CSGO_set_gamma_2,restricted,0.464209110070,,false
SG 553 | Triarch,#CSGO_set_gamma_2,restricted,0.393498899420,,false
SG 553 | Triarch,#CSGO_set_gamma_2,restricted,0.908904792591,,false
MAG-7 | Petroglyph,#CSGO_set_gamma_2,restricted,0.221977847451,,false
Desert Eagle | Directive,#CSGO_set_gamma_2,restricted,0.562945863264,,false
Glock-18 | Weasel,#CSGO_set_gamma_2,restricted,0.672994200749,,false
Glock-18 | Weasel,#CSGO_set_gamma_2,restricted,0.585880774999,,false
MAG-7 | Petroglyph,#CSGO_set_gamma_2,restricted,0.305619865570,,false
Desert Eagle | Directive,#CSGO_set_gamma_2,restricted,0.723866365250,,false
SG 553 | Triarch,#CSGO_set_gamma_2,restricted,0.470540321524,,false
