Name,Collection,Rarity,Float,PriceCents,StatTrak
Desert Eagle | Hypnotic,The Arms Deal Collection,classified,0.043995877928,,false
AK-47 | Case Hardened,The Arms Deal Collection,classified,0.637020236649,,false
Desert Eagle | Hypnotic,The Arms Deal Collection,classified,0.048235730563,,false
Desert Eagle | Heat Treated,Limited Edition Item,classified,0.793852983926,,false
M4A1-S | Solitude,Limited Edition Item,classified,0.268173364779,,false
Desert Eagle | Heat Treated,Limited Edition Item,classified,0.602121481908,,false
M4A1-S | Solitude,Limited Edition Item,classified,0.463360340654,,false
Desert Eagle | Heat Treated,Limited Edition Item,classified,0.748705304379,,false
M4A1-S | Solitude,Limited Edition Item,classified,0.265465302518,,false
M4A1-S | Solitude,Limited Edition Item,classified,0.479986257488,,false
