Name,Collection,Rarity,Float,PriceCents,StatTrak
Tec-9 | Remote Control,The 2018 Nuke Collection,classified,0.391675983015,,false
M4A1-S | Control Panel,The 2018 Nuke Collection,classified,0.821733261680,,false
Tec-9 | Remote Control,The 2018 Nuke Collection,classified,0.415219279883,,false
Tec-9 | Remote Control,The 2018 Nuke Collection,classified,0.610014254536,,false
Tec-9 | Remote Control,The 2018 Nuke Collection,classified,0.647017649275,,false
M4A1-S | Control Panel,The 2018 Nuke Collection,classified,0.498653645377,,false
Tec-9 | Remote Control,The 2018 Nuke Collection,classified,0.353949590986,,false
Tec-9 | Remote Control,The 2018 Nuke Collection,classified,0.502319700577,,false
Tec-9 | Remote Control,The 2018 Nuke Collection,classified,0.588839267470,,false
SCAR-20 | Cardiac,The Vanguard Collection,classified,0.495927005981,,false
