Name,Collection,Rarity,Float,PriceCents,StatTrak
Dual Berettas | Flora Carnivora,The Recoil Collection,restricted,0.418268220072,,false
M4A1-S | Nitro,The Safehouse Collection,restricted,0.402637352440,,false
M4A1-S | Nitro,The Safehouse Collection,restricted,0.227662039543,,false
M4A1-S | Nitro,The Safehouse Collection,restricted,0.210346575443,,false
M4A1-S | Nitro,The Safehouse Collection,restricted,0.717003099779,,false
M4A1-S | Nitro,The Safehouse Collection,restricted,0.325785799387,,false
M4A1-S | Nitro,The Safehouse Collection,restricted,0.430117316380,,false
M4A1-S | Nitro,The Safehouse Collection,restricted,0.737889499897,,false
MP9 | Arctic Tri-Tone,The Sport & Field Collection,restricted,0.535442301036,,false
MP9 | Arctic Tri-Tone,The Sport & Field Collection,restricted,0.316043579552,,false
