Name,Collection,Rarity,Float,PriceCents,StatTrak
M249 | Nebula Crusader,The Shadow Collection,restricted,0.746471012494,,false
Galil AR | Stone Cold,The Shadow Collection,restricted,0.639089967789,,false
MP7 | Special Delivery,The Shadow Collection,restricted,0.184462629437,,false
P250 | Wingshot,The Shadow Collection,restricted,0.281048178811,,false
MP7 | Special Delivery,The Shadow Collection,restricted,0.435701817573,,false
M249 | Nebula Crusader,The Shadow Collection,restricted,0.538029795644,,false
Galil AR | Stone Cold,The Shadow Collection,restricted,0.672510889424,,false
M249 | Nebula Crusader,The Shadow Collection,restricted,0.497629964925,,false
MP7 | Special Delivery,The Shadow Collection,restricted,0.472048798159,,false
Galil AR | Stone Cold,The Shadow Collection,restricted,0.464167073947,,false
