Name,Collection,Rarity,Float,PriceCents,StatTrak
P250 | Hive,The Arms Deal 2 Collection,mil-spec,0.127198560941,,true
SCAR-20 | Crimson Web,The Arms Deal 2 Collection,mil-spec,0.644651002028,,true
FAMAS | Hexane,The Arms Deal 2 Collection,mil-spec,0.067218215770,,true
SCAR-20 | Crimson Web,The Arms Deal 2 Collection,mil-spec,0.759323398748,,true
P250 | Hive,The Arms Deal 2 Collection,mil-spec,0.014234627174,,true
P250 | Hive,The Arms Deal 2 Collection,mil-spec,0.150576930444,,true
P250 | Hive,The Arms Deal 2 Collection,mil-spec,0.278038743205,,true
P250 | Hive,The Arms Deal 2 Collection,mil-spec,0.178687203625,,true
SCAR-20 | Crimson Web,The Arms Deal 2 Collection,mil-spec,0.499296242344,,true
M4A1-S | Blood Tiger,The Arms Deal 2 Collection,mil-spec,0.223495812232,,true
