Name,Collection,Rarity,Float,PriceCents,StatTrak
MAC-10 | Last Dive,The Spectrum Collection,restricted,0.301918303324,,false
UMP-45 | Scaffold,The Spectrum Collection,restricted,0.193568781400,,false
M249 | Emerald Poison Dart,The Spectrum Collection,restricted,0.275047267527,,false
UMP-45 | Scaffold,The Spectrum Collection,restricted,0.696207537273,,false
UMP-45 | Scaffold,The Spectrum Collection,restricted,0.379920265030,,false
MAC-10 | Last Dive,The Spectrum Collection,restricted,0.290162106843,,false
AWP | Pit Viper,The Italy Collection,restricted,0.453387265961,,false
AWP | Pit Viper,The Italy Collection,restricted,0.241849638287,,false
AWP | Pit Viper,The Italy Collection,restricted,0.203108903442,,false
AWP | Pit Viper,The Italy Collection,restricted,0.269524227816,,false
