Name,Collection,Rarity,Float,PriceCents,StatTrak
PP-Bizon | Space Cat,The Dreams & Nightmares Collection,restricted,0.185560322790,,false
AWP | Pit Viper,The Italy Collection,restricted,0.379953099881,,false
AWP | Pit Viper,The Italy Collection,restricted,0.434477038737,,false
AWP | Pit Viper,The Italy Collection,restricted,0.282960095623,,false
AWP | Pit Viper,The Italy Collection,restricted,0.378388378390,,false
AWP | Pit Viper,The Italy Collection,restricted,0.285336766363,,false
AWP | Pit Viper,The Italy Collection,restricted,0.258109396490,,false
AWP | Pit Viper,The Italy Collection,restricted,0.256435802644,,false
AWP | Pit Viper,The Italy Collection,restricted,0.230132313759,,false
CZ75-Auto | Syndicate,The 2021 Train Collection,restricted,0.595372488089,,false
