Name,Collection,Rarity,Float,PriceCents,StatTrak
Desert Eagle | Heat Treated,Limited Edition Item,classified,0.519120738798,,false
M4A1-S | Solitude,Limited Edition Item,classified,0.275344005250,,false
M4A1-S | Solitude,Limited Edition Item,classified,0.279413795940,,false
M4A1-S | Solitude,Limited Edition Item,classified,0.397587454664,,false
Desert Eagle | Heat Treated,Limited Edition Item,classified,0.892161371459,,false
Desert Eagle | Heat Treated,Limited Edition Item,classified,0.569536488639,,false
Desert Eagle | Heat Treated,Limited Edition Item,classified,0.574707081472,,false
Desert Eagle | Heat Treated,Limited Edition Item,classified,0.396593315466,,false
P250 | Apep's Curse,The Anubis Collection,classified,0.478314194351,,false
P250 | Apep's Curse,The Anubis Collection,classified,0.261562624275,,false
