Name,Collection,Rarity,Float,PriceCents,StatTrak
PP-Bizon | Embargo,The Shattered Web Collection,restricted,0.395460816248,,false
AUG | Arctic Wolf,The Shattered Web Collection,restricted,0.204944481716,,false
PP-Bizon | Embargo,The Shattered Web Collection,restricted,0.733265580953,,false
MP7 | Neon Ply,The Shattered Web Collection,restricted,0.664344810238,,false
MP7 | Neon Ply,The Shattered Web Collection,restricted,0.719574660855,,false
PP-Bizon | Embargo,The Shattered Web Collection,restricted,0.370669473877,,false
MP7 | Neon Ply,The Shattered Web Collection,restricted,0.741983545881,,false
AK-47 | Rat Rod,The Shattered Web Collection,restricted,0.798754471242,,false
PP-Bizon | Embargo,The Shattered Web Collection,restricted,0.130085922767,,false
MP7 | Neon Ply,The Shattered Web Collection,restricted,0.466255546709,,false
