Name,Collection,Rarity,Float,PriceCents,StatTrak
Galil AR | Rainbow Spoon,The Sport & Field Collection,classified,0.158077043035,,false
Galil AR | Rainbow Spoon,The Sport & Field Collection,classified,0.495302883000,,false
Galil AR | Rainbow Spoon,The Sport & Field Collection,classified,0.303737833766,,false
Galil AR | Rainbow Spoon,The Sport & Field Collection,classified,0.468719208898,,false
Galil AR | Rainbow Spoon,The Sport & Field Collection,classified,0.430906429599,,false
Galil AR | Rainbow Spoon,The Sport & Field Collection,classified,0.327578681077,,false
Galil AR | Rainbow Spoon,The Sport & Field Collection,classified,0.102263928115,,false
Glock-18 | AXIA,The Sport & Field Collection,classified,0.330853445642,,false
Glock-18 | AXIA,The Sport & Field Collection,classified,0.298206565307,,false
Galil AR | Rainbow Spoon,The Sport & Field Collection,classified,0.126901376578,,false
