Name,Collection,Rarity,Float,PriceCents,StatTrak
P250 | X-Ray,The X-Ray Collection,restricted,0.073137786304,,false
P250 | X-Ray,The X-Ray Collection,restricted,0.171738602671,,false
P250 | X-Ray,The X-Ray Collection,restricted,0.131577159907,,false
P250 | X-Ray,The X-Ray Collection,restricted,0.142835328726,,false
P250 | X-Ray,The X-Ray Collection,restricted,0.179353940607,,false
Galil AR | Stone Cold,The Shadow Collection,restricted,0.409759350386,,false
P250 | Wingshot,The Shadow Collection,restricted,0.233730008381,,false
Galil AR | Stone Cold,The Shadow Collection,restricted,0.222897812644,,false
M249 | Nebula Crusader,The Shadow Collection,restricted,0.219612317311,,false
MP7 | Special Delivery,The Shadow Collection,restricted,0.521440891905,,false
