Name,Collection,Rarity,Float,PriceCents,StatTrak
USP-S | Overgrowth,The Bravo Collection,restricted,0.229839152497,,false
Tec-9 | Red Quartz,The Train Collection,restricted,0.323061333482,,false
Tec-9 | Red Quartz,The Train Collection,restricted,0.282489811943,,false
Tec-9 | Red Quartz,The Train Collection,restricted,0.218149144649,,false
Tec-9 | Red Quartz,The Train Collection,restricted,0.100360714657,,false
Tec-9 | Red Quartz,The Train Collection,restricted,0.183838496120,,false
Tec-9 | Red Quartz,The Train Collection,restricted,0.369919660422,,false
Tec-9 | Red Quartz,The Train Collection,restricted,0.128254890658,,false
Tec-9 | Red Quartz,The Train Collection,restricted,0.300377009182,,false
Tec-9 | Red Quartz,The Train Collection,restricted,0.258708892142,,false
