Name,Collection,Rarity,Float,PriceCents,StatTrak
MP9 | Ruby Poison Dart,The Falchion Collection,restricted,0.297489191397,,false
Negev | Loudmouth,The Falchion Collection,restricted,0.498647565492,,false
P2000 | Handgun,The Falchion Collection,restricted,0.640080426117,,false
FAMAS | Neural Net,The Falchion Collection,restricted,0.168947099454,,false
P2000 | Handgun,The Falchion Collection,restricted,0.609272531724,,false
FAMAS | Neural Net,The Falchion Collection,restricted,0.375394078773,,false
Dual Berettas | Cobalt Quartz,The Lake Collection,restricted,0.167481941214,,false
Dual Berettas | Cobalt Quartz,The Lake Collection,restricted,0.366595773825,,false
Dual Berettas | Cobalt Quartz,The Lake Collection,restricted,0.213213506220,,false
Dual Berettas | Cobalt Quartz,The Lake Collection,restricted,0.309002846024,,false
