Name,Collection,Rarity,Float,PriceCents,StatTrak
P250 | Apep's Curse,The Anubis Collection,classified,0.570545617793,,false
FAMAS | Waters of Nephthys,The Anubis Collection,classified,0.119777621016,,false
FAMAS | Waters of Nephthys,The Anubis Collection,classified,0.110961689289,,false
FAMAS | Waters of Nephthys,The Anubis Collection,classified,0.099779258052,,false
P250 | Franklin,The Bank Collection,classified,0.325607658638,,false
P250 | Franklin,The Bank Collection,classified,0.231501082798,,false
P250 | Franklin,The Bank Collection,classified,0.166880768843,,false
P250 | Franklin,The Bank Collection,classified,0.165945996868,,false
P250 | Franklin,The Bank Collection,classified,0.062450270038,,false
P250 | Franklin,The Bank Collection,classified,0.207070727583,,false
