Name,Collection,Rarity,Float,PriceCents,StatTrak
P250 | Wingshot,The Shadow Collection,restricted,0.539206208465,,false
P250 | Wingshot,The Shadow Collection,restricted,0.566233742289,,false
MP7 | Special Delivery,The Shadow Collection,restricted,0.584586386107,,false
MP7 | Special Delivery,The Shadow Collection,restricted,0.319680854708,,false
P250 | Wingshot,The Shadow Collection,restricted,0.507508689348,,false
P250 | Wingshot,The Shadow Collection,restricted,0.697137921262,,false
MP7 | Special Delivery,The Shadow Collection,restricted,0.444090712175,,false
Galil AR | Stone Cold,The Shadow Collection,restricted,0.271593219967,,false
Galil AR | Stone Cold,The Shadow Collection,restricted,0.353280467063,,false
MP7 | Special Delivery,The Shadow Collection,restricted,0.360455494296,,false
