Name,Collection,Rarity,Float,PriceCents,StatTrak
CZ75-Auto | Chalice,The Cobblestone Collection,restricted,0.047172911626,,false
CZ75-Auto | Chalice,The Cobblestone Collection,restricted,0.046885208067,,false
CZ75-Auto | Chalice,The Cobblestone Collection,restricted,0.033014439535,,false
Desert Eagle | Hand Cannon,The Cobblestone Collection,restricted,0.352842549254,,false
Dual Berettas | Cobalt Quartz,The Lake Collection,restricted,0.171971799663,,false
Dual Berettas | Cobalt Quartz,The Lake Collection,restricted,0.087906377094,,false
Dual Berettas | Cobalt Quartz,The Lake Collection,restricted,0.226506521581,,false
Dual Berettas | Cobalt Quartz,The Lake Collection,restricted,0.209119504451,,false
Dual Berettas | Cobalt Quartz,The Lake Collection,restricted,0.339891610729,,false
Dual Berettas | Cobalt Quartz,The Lake Collection,restricted,0.212035276289,,false
