Name,Collection,Rarity,Float,PriceCents,StatTrak
AWP | Exoskeleton,The Operation Broken Fang Collection,restricted,0.424036140167,,true
UMP-45 | Gold Bismuth,The Operation Broken Fang Collection,restricted,0.142927744518,,true
AWP | Exoskeleton,The Operation Broken Fang Collection,restricted,0.838227273204,,true
UMP-45 | Gold Bismuth,The Operation Broken Fang Collection,restricted,0.516519297178,,true
UMP-45 | Gold Bismuth,The Operation Broken Fang Collection,restricted,0.249363058034,,true
Nova | Clear Polymer,The Operation Broken Fang Collection,restricted,0.294275860258,,true
Nova | Clear Polymer,The Operation Broken Fang Collection,restricted,0.685109506162,,true
UMP-45 | Gold Bismuth,The Operation Broken Fang Collection,restricted,0.357544026565,,true
Dual Berettas | Dezastre,The Operation Broken Fang Collection,restricted,0.879689068910,,true
Nova | Clear Polymer,The Operation Broken Fang Collection,restricted,0.761714178583,,true
