Name,Collection,Rarity,Float,PriceCents,StatTrak
AK-47 | Case Hardened,The Arms Deal Collection,classified,0.480743685977,,false
AK-47 | Case Hardened,The Arms Deal Collection,classified,0.873619018121,,false
Desert Eagle | Hypnotic,The Arms Deal Collection,classified,0.029602986408,,false
Desert Eagle | Heat Treated,Limited Edition Item,classified,0.282267863653,,false
Desert Eagle | Heat Treated,Limited Edition Item,classified,0.601683818361,,false
Desert Eagle | Heat Treated,Limited Edition Item,classified,0.152730737458,,false
Desert Eagle | Heat Treated,Limited Edition Item,classified,0.694545643460,,false
Desert Eagle | Heat Treated,Limited Edition Item,classified,0.752407460551,,false
Desert Eagle | Heat Treated,Limited Edition Item,classified,0.271269997411,,false
Desert Eagle | Heat Treated,Limited Edition Item,classified,0.448844438768,,false
