Name,Collection,Rarity,Float,PriceCents,StatTrak
Sawed-Off | Wasteland Princess,The Glove Collection,classified,0.289360162085,,false
P90 | Shallow Grave,The Glove Collection,classified,0.611750115256,,false
P90 | Shallow Grave,The Glove Collection,classified,0.524751742582,,false
P90 | Shallow Grave,The Glove Collection,classified,0.465829209810,,false
P90 | Shallow Grave,The Glove Collection,classified,0.420109924361,,false
Sawed-Off | Wasteland Princess,The Glove Collection,classified,0.506774263333,,false
P90 | Shallow Grave,The Glove Collection,classified,0.242721470692,,false
Sawed-Off | Wasteland Princess,The Glove Collection,classified,0.303245755998,,false
P90 | Shallow Grave,The Glove Collection,classified,0.210592448618,,false
P250 | Visions,The Recoil Collection,classified,0.291276748961,,false
