Name,Collection,Rarity,Float,PriceCents,StatTrak
Tec-9 | Ossified,The Aztec Collection,mil-spec,0.038586435596,,false
Tec-9 | Ossified,The Aztec Collection,mil-spec,0.029697137274,,false
Tec-9 | Ossified,The Aztec Collection,mil-spec,0.059275015408,,false
Tec-9 | Ossified,The Aztec Collection,mil-spec,0.023201804354,,false
Tec-9 | Ossified,The Aztec Collection,mil-spec,0.029094509159,,false
Tec-9 | Ossified,The Aztec Collection,mil-spec,0.056904540442,,false
Tec-9 | Ossified,The Aztec Collection,mil-spec,0.015358031673,,false
Tec-9 | Ossified,The Aztec Collection,mil-spec,0.043958637112,,false
UMP-45 | Bone Pile,The Bravo Collection,mil-spec,0.269268514477,,false
SG 553 | Wave Spray,The Bravo Collection,mil-spec,0.834725348075,,false
