Name,Collection,Rarity,Float,PriceCents,StatTrak
Galil AR | Rainbow Spoon,The Sport & Field Collection,classified,0.246011291296,,false
Galil AR | Rainbow Spoon,The Sport & Field Collection,classified,0.372896030408,,false
Glock-18 | AXIA,The Sport & Field Collection,classified,0.574188801448,,false
Galil AR | Rainbow Spoon,The Sport & Field Collection,classified,0.211552040022,,false
Galil AR | Rainbow Spoon,The Sport & Field Collection,classified,0.179365171042,,false
Glock-18 | AXIA,The Sport & Field Collection,classified,0.342271126008,,false
Glock-18 | AXIA,The Sport & Field Collection,classified,0.092538074356,,false
Galil AR | Rainbow Spoon,The Sport & Field Collection,classified,0.218920696630,,false
Galil AR | Rainbow Spoon,The Sport & Field Collection,classified,0.156133643766,,false
Galil AR | Rainbow Spoon,The Sport & Field Collection,classified,0.128386580296,,false
