Name,Collection,Rarity,Float,PriceCents,StatTrak
M4A1-S | Nitro,The Safehouse Collection,restricted,0.453275508274,,false
M4A1-S | Nitro,The Safehouse Collection,restricted,0.638835420314,,false
M4A1-S | Nitro,The Safehouse Collection,restricted,0.470025850976,,false
M4A1-S | Nitro,The Safehouse Collection,restricted,0.861647577170,,false
M4A1-S | Nitro,The Safehouse Collection,restricted,0.909094759740,,false
M4A1-S | Nitro,The Safehouse Collection,restricted,0.662438943148,,false
M4A1-S | Nitro,The Safehouse Collection,restricted,0.266474709620,,false
M4A1-S | Nitro,The Safehouse Collection,restricted,0.828795502114,,false
M4A1-S | Nitro,The Safehouse Collection,restricted,0.161558895076,,false
MP7 | Ocean Foam,The eSports 2014 Summer Collection,restricted,0.051095016578,,false
