Name,Collection,Rarity,Float,PriceCents,StatTrak
Sawed-Off | Spirit Board,The Dreams & Nightmares Collection,mil-spec,0.844243243882,,true
Sawed-Off | Spirit Board,The Dreams & Nightmares Collection,mil-spec,0.581480197406,,true
Five-SeveN | Scrawl,The Dreams & Nightmares Collection,mil-spec,0.537358050840,,true
Sawed-Off | Spirit Board,The Dreams & Nightmares Collection,mil-spec,0.685818613718,,true
Sawed-Off | Spirit Board,The Dreams & Nightmares Collection,mil-spec,0.662538193322,,true
Five-SeveN | Scrawl,The Dreams & Nightmares Collection,mil-spec,0.421432456760,,true
Five-SeveN | Scrawl,The Dreams & Nightmares Collection,mil-spec,0.750740717045,,true
Sawed-Off | Spirit Board,The Dreams & Nightmares Collection,mil-spec,0.279265306053,,true
SCAR-20 | Poultrygeist,The Dreams & Nightmares Collection,mil-spec,0.164171254091,,true
MAG-7 | Foresight,The Dreams & Nightmares Collection,mil-spec,0.502202112193,,true
