Name,Collection,Rarity,Float,PriceCents,StatTrak
Glock-18 | AXIA,The Sport & Field Collection,classified,0.244184605131,,false
Glock-18 | AXIA,The Sport & Field Collection,classified,0.184118655036,,false
Glock-18 | AXIA,The Sport & Field Collection,classified,0.292785881870,,false
Galil AR | Rainbow Spoon,The Sport & Field Collection,classified,0.338723520587,,false
Galil AR | Rainbow Spoon,The Sport & Field Collection,classified,0.396113535186,,false
Glock-18 | AXIA,The Sport & Field Collection,classified,0.205688040354,,false
Galil AR | Rainbow Spoon,The Sport & Field Collection,classified,0.221148626376,,false
Glock-18 | AXIA,The Sport & Field Collection,classified,0.279999340707,,false
Galil AR | Rainbow Spoon,The Sport & Field Collection,classified,0.279106937498,,false
Glock-18 | AXIA,The Sport & Field Collection,classified,0.446317970699,,false
