Name,Collection,Rarity,Float,PriceCents,StatTrak
Dual Berettas | Cobalt Quartz,The Lake Collection,restricted,0.196056255467,,false
Dual Berettas | Cobalt Quartz,The Lake Collection,restricted,0.049923374852,,false
Dual Berettas | Cobalt Quartz,The Lake Collection,restricted,0.254783133483,,false
Dual Berettas | Cobalt Quartz,The Lake Collection,restricted,0.171764859739,,false
Dual Berettas | Cobalt Quartz,The Lake Collection,restricted,0.251795097556,,false
Dual Berettas | Cobalt Quartz,The Lake Collection,restricted,0.234670487386,,false
Dual Berettas | Cobalt Quartz,The Lake Collection,restricted,0.180728246174,,false
Dual Berettas | Cobalt Quartz,The Lake Collection,restricted,0.156458816516,,false
Dual Berettas | Cobalt Quartz,The Lake Collection,restricted,0.205443916566,,false
AWP | Exoskeleton,The Operation Broken Fang Collection,restricted,0.314610521099,,false
