Name,Collection,Rarity,Float,PriceCents,StatTrak
Five-SeveN | Retrobution,The Revolver Case Collection,restricted,0.631526703398,,false
Nova | Clear Polymer,The Operation Broken Fang Collection,restricted,0.522855901414,,false
AWP | Exoskeleton,The Operation Broken Fang Collection,restricted,0.441076848938,,false
SSG 08 | Parallax,The Operation Broken Fang Collection,restricted,0.600226265532,,false
SSG 08 | Parallax,The Operation Broken Fang Collection,restricted,0.713148342600,,false
Nova | Clear Polymer,The Operation Broken Fang Collection,restricted,0.469911358144,,false
Dual Berettas | Dezastre,The Operation Broken Fang Collection,restricted,0.704965342199,,false
AWP | Pit Viper,The Italy Collection,restricted,0.448325525029,,false
AWP | Pit Viper,The Italy Collection,restricted,0.365763700401,,false
AWP | Pit Viper,The Italy Collection,restricted,0.257693795343,,false
