Name,Collection,Rarity,Float,PriceCents,StatTrak
M4A1-S | Nitro,The Safehouse Collection,restricted,0.051522692976,,false
M4A1-S | Nitro,The Safehouse Collection,restricted,0.157490723846,,false
M4A1-S | Nitro,The Safehouse Collection,restricted,0.567472435723,,false
M4A1-S | Nitro,The Safehouse Collection,restricted,0.573702425635,,false
M4A1-S | Nitro,The Safehouse Collection,restricted,0.638649446280,,false
M4A1-S | Nitro,The Safehouse Collection,restricted,0.480714927293,,false
USP-S | Orange Anolis,The 2021 Dust 2 Collection,restricted,0.319885454209,,false
M4A4 | Red DDPAT,The 2021 Dust 2 Collection,restricted,0.259543879873,,false
MAC-10 | Case Hardened,The 2021 Dust 2 Collection,restricted,0.487206543697,,false
MAC-10 | Case Hardened,The 2021 Dust 2 Collection,restricted,0.495080303219,,false
