Name,Collection,Rarity,Float,PriceCents,StatTrak
FAMAS | Waters of Nephthys,The Anubis Collection,classified,0.285079589800,,false
P250 | Apep's Curse,The Anubis Collection,classified,0.578681271276,,false
SCAR-20 | Splash Jam,The Militia Collection,classified,0.554579306823,,false
SCAR-20 | Splash Jam,The Militia Collection,classified,0.784737940552,,false
SCAR-20 | Splash Jam,The Militia Collection,classified,0.865907875109,,false
SCAR-20 | Splash Jam,The Militia Collection,classified,0.546564882794,,false
SCAR-20 | Splash Jam,The Militia Collection,classified,0.216458408069,,false
SCAR-20 | Splash Jam,The Militia Collection,classified,0.096512387157,,false
SCAR-20 | Splash Jam,The Militia Collection,classified,0.320320537249,,false
SCAR-20 | Splash Jam,The Militia Collection,classified,0.351288388354,,false
